{
  "stress": 0.9770026206970215,
  "stress_weighted": 0.9770026206970215,
  "trustworthiness@15": 0.931768314262121,
  "continuity@15": 0.9587904525972238,
  "lcmc@15": 0.46933542647828336,
  "triplet_preservation": 0.8486109982942084
}